{"cameraMode":{"drawMode":0,"name":"Shaded","section":"Shading Mode"},"sceneLighting":false,"audioPlay":false,"sceneViewState":{"showFog":true,"showMaterialUpdate":false,"showSkybox":false,"showFlares":true,"showImageEffects":true,"showParticleSystems":true},"in2DMode":false,"pivot":{"x":0.006754035130143166,"y":1.5426480770111085,"z":0.22098110616207124},"rotation":{"x":0.0806192085146904,"y":0.9121427536010742,"z":-0.21741338074207307,"w":0.3380836248397827},"size":2.460369825363159,"orthographic":false}