{"cameraMode":{"drawMode":0,"name":"Shaded","section":"Shading Mode"},"sceneLighting":false,"audioPlay":false,"sceneViewState":{"showFog":true,"showMaterialUpdate":false,"showSkybox":false,"showFlares":true,"showImageEffects":true,"showParticleSystems":true},"in2DMode":false,"pivot":{"x":-1.2580773830413819,"y":1.3069840669631959,"z":-0.34580597281455996},"rotation":{"x":0.03279133513569832,"y":0.5869383811950684,"z":-0.02375389263033867,"w":0.8086631894111633},"size":0.026690244674682618,"orthographic":false}