{"cameraMode":{"drawMode":0,"name":"Shaded","section":"Shading Mode"},"sceneLighting":false,"audioPlay":false,"sceneViewState":{"showFog":true,"showMaterialUpdate":false,"showSkybox":false,"showFlares":true,"showImageEffects":true,"showParticleSystems":true},"in2DMode":false,"pivot":{"x":-0.12512201070785523,"y":1.5888367891311646,"z":0.3145494759082794},"rotation":{"x":-0.03992290422320366,"y":-0.5125269293785095,"z":0.02381316013634205,"w":-0.8574545979499817},"size":0.5960949659347534,"orthographic":false}